{
    "weights": [
        -0.5963709354400635,
        0.35611897706985474,
        -0.5037853121757507
    ],
    "bias": -2.5766148567199707,
    "feature_means": [
        22.26679608708758,
        0.14830951568057807,
        49.79851851851852
    ],
    "feature_stds": [
        0.5741747676512513,
        0.07916665751982305,
        16.10983590674419
    ]
}